dataset,num_promptsrc,num_real,num_shuffled,promptsrc_mean,promptsrc_nc_real_mean,promptsrc_nc_real_std,promptsrc_nc_shuffled_mean,promptsrc_nc_shuffled_std,promptsrc_std,real_minus_promptsrc,real_minus_shuffled,shots
oxford_flowers,1,1,1,0.953714981729598,0.9602111246447422,0.0,0.953714981729598,0.0,0.0,0.006496142915144221,0.006496142915144221,16
Average,,,,0.953714981729598,0.9602111246447422,,0.953714981729598,,,0.006496142915144221,0.006496142915144221,16
