dataset,num_promptsrc,num_real,num_shuffled,promptsrc_mean,promptsrc_nc_real_mean,promptsrc_nc_real_std,promptsrc_nc_shuffled_mean,promptsrc_nc_shuffled_std,promptsrc_std,real_minus_promptsrc,real_minus_shuffled,shots
eurosat,3,3,3,0.9069135802469136,0.9112345679012346,0.003973698009736101,0.8979835390946502,0.006348528607109205,0.0045074410527231315,0.004320987654321022,0.01325102880658439,16
Average,,,,0.9069135802469136,0.9112345679012346,,0.8979835390946502,,,0.004320987654321022,0.01325102880658439,16
